real_name,obj_1,obj_2,obj_1_sd,obj_2_sd,obj_1l,obj_1u
gen=100_member=4907_pso,0.786501,0.381416,0,0,0.786501,0.786501
gen=100_member=4911_pso,0.273536,0.925178,0,0,0.273536,0.273536
gen=100_member=4915_pso,0.684312,0.531717,0,0,0.684312,0.684312
gen=100_member=4916_pso,0.356402,0.872978,0,0,0.356402,0.356402
gen=100_member=4921_pso,0.966324,0.0662179,0,0,0.966324,0.966324
gen=100_member=4923_pso,0.881526,0.222912,0,0,0.881526,0.881526
gen=100_member=4924_pso,0.812562,0.339743,0,0,0.812562,0.812562
gen=100_member=4926_pso,0.488418,0.761448,0,0,0.488418,0.488418
gen=100_member=4927_pso,0.652909,0.57371,0,0,0.652909,0.652909
gen=100_member=4934_pso,0.380542,0.855188,0,0,0.380542,0.380542
gen=100_member=4938_pso,0.371966,0.861641,0,0,0.371966,0.371966
gen=100_member=4954_pso,0.44584,0.801227,0,0,0.44584,0.44584
gen=100_member=4961_pso,0.767019,0.411682,0,0,0.767019,0.767019
gen=100_member=4963_pso,0.216406,0.953168,0,0,0.216406,0.216406
gen=100_member=4965_pso,0.5141,0.735701,0,0,0.5141,0.5141
gen=100_member=4969_pso,0.72998,0.467129,0,0,0.72998,0.72998
gen=100_member=4971_pso,0.744113,0.446296,0,0,0.744113,0.744113
gen=100_member=4973_pso,0.944739,0.107468,0,0,0.944739,0.944739
gen=100_member=4974_pso,0.180777,0.96732,0,0,0.180777,0.180777
gen=100_member=4975_pso,0.645067,0.583889,0,0,0.645067,0.645067
gen=100_member=4981_pso,0.723428,0.476652,0,0,0.723428,0.723428
gen=100_member=4997_pso,0.840792,0.293069,0,0,0.840792,0.840792
gen=12_member=1126_pso,0.00027702,2.07176,0,0,0.00027702,0.00027702
gen=18_member=1777_pso,0.99329,0.013375,0,0,0.99329,0.99329
gen=28_member=2788_pso,0.0005451,1.38654,0,0,0.0005451,0.0005451
gen=36_member=3540_pso,0.0006092,1.37929,0,0,0.0006092,0.0006092
gen=40_member=3986_pso,0.702865,0.505981,0,0,0.702865,0.702865
gen=47_member=4632_pso,0.677865,0.540499,0,0,0.677865,0.677865
gen=50_member=4944_pso,0.600064,0.648003,0,0,0.600064,0.600064
gen=50_member=4951_pso,0.45108,0.798651,0,0,0.45108,0.45108
gen=59_member=833_pso,0.92825,0.138352,0,0,0.92825,0.92825
gen=60_member=973_pso,0.9551,0.087784,0,0,0.9551,0.9551
gen=61_member=1031_pso,0.981034,0.0375723,0,0,0.981034,0.981034
gen=61_member=1051_pso,0.991405,0.0171161,0,0,0.991405,0.991405
gen=64_member=1332_pso,0.920118,0.153383,0,0,0.920118,0.920118
gen=72_member=2127_pso,0.958021,0.0821958,0,0,0.958021,0.958021
gen=72_member=2169_pso,0.955248,0.0875013,0,0,0.955248,0.955248
gen=72_member=2187_pso,0.964649,0.0694523,0,0,0.964649,0.964649
gen=73_member=2208_pso,0.903455,0.183769,0,0,0.903455,0.903455
gen=74_member=2319_pso,0.896973,0.195439,0,0,0.896973,0.896973
gen=74_member=2352_pso,0.984309,0.0311358,0,0,0.984309,0.984309
gen=76_member=2512_pso,0.928305,0.13825,0,0,0.928305,0.928305
gen=76_member=2529_pso,0.920171,0.153285,0,0,0.920171,0.920171
gen=77_member=2661_pso,0.940201,0.116022,0,0,0.940201,0.940201
gen=78_member=2754_pso,0.871177,0.241051,0,0,0.871177,0.871177
gen=80_member=2992_pso,0.784956,0.383844,0,0,0.784956,0.784956
gen=81_member=3015_pso,0.90318,0.184266,0,0,0.90318,0.90318
gen=83_member=3230_pso,0.711892,0.49321,0,0,0.711892,0.711892
gen=83_member=3248_pso,0.927227,0.14025,0,0,0.927227,0.927227
gen=83_member=3249_pso,0.907538,0.176375,0,0,0.907538,0.907538
gen=83_member=3263_pso,0.779849,0.391836,0,0,0.779849,0.779849
gen=83_member=3281_pso,0.866592,0.249018,0,0,0.866592,0.866592
gen=84_member=3300_pso,0.892686,0.203112,0,0,0.892686,0.892686
gen=84_member=3315_pso,0.936075,0.123764,0,0,0.936075,0.936075
gen=86_member=3570_pso,0.961647,0.075235,0,0,0.961647,0.961647
gen=87_member=3658_pso,0.971117,0.0569318,0,0,0.971117,0.971117
gen=88_member=3759_pso,0.892584,0.203294,0,0,0.892584,0.892584
gen=89_member=3827_pso,0.0686446,0.995288,0,0,0.0686446,0.0686446
gen=90_member=3925_pso,0.91395,0.164695,0,0,0.91395,0.91395
gen=90_member=3951_pso,0.00090193,0.999999,0,0,0.00090193,0.00090193
gen=91_member=4013_pso,0.830076,0.310974,0,0,0.830076,0.830076
gen=91_member=4034_pso,0.953814,0.0902389,0,0,0.953814,0.953814
gen=92_member=4180_pso,0.659451,0.565124,0,0,0.659451,0.659451
gen=93_member=4239_pso,0.0268511,0.999279,0,0,0.0268511,0.0268511
gen=93_member=4272_pso,0.176836,0.968729,0,0,0.176836,0.176836
gen=93_member=4299_pso,0.973473,0.0523503,0,0,0.973473,0.973473
gen=94_member=4328_pso,0.404854,0.836093,0,0,0.404854,0.404854
gen=94_member=4346_pso,0.697953,0.512862,0,0,0.697953,0.697953
gen=94_member=4349_pso,0.71113,0.494294,0,0,0.71113,0.71113
gen=94_member=4382_pso,0.0489316,0.997606,0,0,0.0489316,0.0489316
gen=95_member=4457_pso,0.50614,0.743822,0,0,0.50614,0.50614
gen=96_member=4511_pso,0.734189,0.460967,0,0,0.734189,0.734189
gen=96_member=4520_pso,0.586926,0.655518,0,0,0.586926,0.586926
gen=96_member=4534_pso,0.54756,0.700178,0,0,0.54756,0.54756
gen=96_member=4536_pso,0.766875,0.411903,0,0,0.766875,0.766875
gen=96_member=4538_pso,0.809071,0.345404,0,0,0.809071,0.809071
gen=96_member=4558_pso,0.435443,0.810389,0,0,0.435443,0.435443
gen=96_member=4566_pso,0.0858501,0.99263,0,0,0.0858501,0.0858501
gen=96_member=4577_pso,0.641166,0.588906,0,0,0.641166,0.641166
gen=97_member=4621_pso,0.600566,0.63932,0,0,0.600566,0.600566
gen=97_member=4623_pso,0.330073,0.891052,0,0,0.330073,0.330073
gen=97_member=4624_pso,0.831101,0.309271,0,0,0.831101,0.831101
gen=97_member=4627_pso,0.846942,0.282689,0,0,0.846942,0.846942
gen=98_member=4703_pso,0.280102,0.921543,0,0,0.280102,0.280102
gen=98_member=4704_pso,0.9907,0.0185135,0,0,0.9907,0.9907
gen=98_member=4754_pso,0.799378,0.360995,0,0,0.799378,0.799378
gen=98_member=4760_pso,0.566427,0.67916,0,0,0.566427,0.566427
gen=98_member=4788_pso,0.2987,0.910778,0,0,0.2987,0.2987
gen=98_member=4789_pso,0.94082,0.114858,0,0,0.94082,0.94082
gen=98_member=4790_pso,0.224551,0.949577,0,0,0.224551,0.224551
gen=98_member=4797_pso,0.154623,0.976092,0,0,0.154623,0.154623
gen=99_member=4814_pso,0.746396,0.442893,0,0,0.746396,0.746396
gen=99_member=4832_pso,0.944243,0.108405,0,0,0.944243,0.944243
gen=99_member=4834_pso,0.351708,0.876301,0,0,0.351708,0.351708
gen=99_member=4838_pso,0.874777,0.234765,0,0,0.874777,0.874777
gen=99_member=4844_pso,0.840358,0.293798,0,0,0.840358,0.840358
gen=99_member=4856_pso,0.807891,0.347312,0,0,0.807891,0.807891
gen=99_member=4865_pso,0.890409,0.207172,0,0,0.890409,0.890409
gen=99_member=4875_pso,0.115617,0.986633,0,0,0.115617,0.115617
gen=99_member=4883_pso,0.852666,0.272961,0,0,0.852666,0.852666
